https://www.loyjoy.com/_astro/ejlxa9i0z1q5vt2HdbZfj5Ugm3M.Dvh8cTi4_Z2jqNXB.webp	75
https://www.loyjoy.com/_astro/xpnpoxDhmh8ZPuIb3RBBCems5Q.7-pQnuHd_Ld3aJ.webp	75
https://www.loyjoy.com/_astro/WYnxC36CFkFmE1TJRQC1RfnF6rI.CdSK3yVi_1d0HL.webp	102
https://www.loyjoy.com/_astro/0eCUs2VkNTIj5LmxrOn4gyMSvE.DEnhn3MZ_2svv7X.webp	117
https://www.loyjoy.com/_astro/O8SRAqSv7J5NMU5F80qXwyI8mx4.4IQLNSde_1MVra5.webp	117
https://www.loyjoy.com/_astro/bM41T8YTQdVwEOE37HiBvxC6UBo.DH-JvwiI_ZKj0rF.webp	117
https://www.loyjoy.com/_astro/nsMCLD6Dh2HSqlVKmj30hPwNrk.CguRW-PQ_1ikLry.webp	117
https://www.loyjoy.com/_astro/pnzCkrHyJcEsiYAymYALH5bLo.BbWN9org_bVFCr.webp	117
https://www.loyjoy.com/_astro/zTlWstY02s4EfES9HdN7Lm7So.GyDj22u0_Z2jl0VK.webp	117
https://www.loyjoy.com/_astro/37bQS2Q2iRWAC2QEZgSv2Q8DYc.FiyyjP82_Z1BWGpx.webp	138
https://www.loyjoy.com/_astro/4eyQRzLbhy0fiEKDLDP7BDo1sk.Dy7Fi9n1_SwiVr.webp	138
https://www.loyjoy.com/_astro/dNgqmAeFAPyG2nmBLnvT41MgWs.DEbHaU4n_2kArBM.webp	138
https://www.loyjoy.com/_astro/agentic-ai.DxxbYR8a.webp	314
https://www.loyjoy.com/_astro/ai-agent-knowledge.DONjbg1H_YpR9s.webp	314
https://www.loyjoy.com/_astro/ai-agent.vOqtmQ98_cVm54.webp	314
https://www.loyjoy.com/_astro/ai-quality-check.DD6bwQsp_Z5QvQp.webp	314
https://www.loyjoy.com/_astro/ai-testing-automation.UrHGN5Xj_ZkXKNn.webp	314
https://www.loyjoy.com/_astro/ai_model_de.D5EO3fTl_Ht1sK.webp	314
https://www.loyjoy.com/_astro/avatar-integration.Bf779Hrm_Y3qSw.webp	314
https://www.loyjoy.com/_astro/business-and-cx.CIhAE7vb_mR9ko.webp	314
https://www.loyjoy.com/_astro/connect.Bz2ALUak_2fbUon.webp	314
https://www.loyjoy.com/_astro/dialog-summary-sentiment.BDz8lxxd_Zs3Txf.webp	314
https://www.loyjoy.com/_astro/enterprise-role-management.ByY65SYs_Z2dacA.webp	314
https://www.loyjoy.com/_astro/gemma-own-hardware.J8Q_smtn_Z1vxyxQ.webp	314
https://www.loyjoy.com/_astro/headless-assistant.BeQPaoU0_Z1HSVuN.webp	314
https://www.loyjoy.com/_astro/in-chat-authentication.oJy2xtc7_Z1miO5I.webp	314
https://www.loyjoy.com/_astro/integration-layer.GGBU8RF2_StSaV.webp	314
https://www.loyjoy.com/_astro/it-and-security.7H7lPRWu_R2h1M.webp	314
https://www.loyjoy.com/_astro/joy-factor.CunAjVN8.webp	314
https://www.loyjoy.com/_astro/live-chat-handover.bUyQS0yM_htIDx.webp	314
https://www.loyjoy.com/_astro/localization.JqzyBWZD_2hBHLD.webp	314
https://www.loyjoy.com/_astro/mcp-system-access.1Z4BnXFn_ZgQD1L.webp	314
https://www.loyjoy.com/_astro/multi-channel-deployment.V8dQ_ACD_Z1UmeIv.webp	314
https://www.loyjoy.com/_astro/no-code-bpmn.Be3QCK8a_9QMdK.webp	314
https://www.loyjoy.com/_astro/ops.Ck59WIRg_2mJkLg.webp	314
https://www.loyjoy.com/_astro/orchestrate.DZe5f-Nn_ZgmwqW.webp	314
https://www.loyjoy.com/_astro/process-engine.CFAPAOSX.webp	314
https://www.loyjoy.com/_astro/process-orchestration.CgbVPyh5_aqxij.webp	314
https://www.loyjoy.com/_astro/resolve.Cao7ksfW_wfVIO.webp	314
https://www.loyjoy.com/_astro/security-and-compliance.CNzMG0ux_VXHbx.webp	314
https://www.loyjoy.com/_astro/smart-product-advisor.CKjU9s_c_2piAuj.webp	314
https://www.loyjoy.com/_astro/stagevisual-platform.C3DJaULz.webp	314
https://www.loyjoy.com/_astro/versioning-and-control.C0voI1Jy_Z9IBKG.webp	314
https://www.loyjoy.com/_astro/voice_feature_de.D36LDhRp_20JbR6.webp	314
https://www.loyjoy.com/_astro/voice_spotlight_de.C1lPvLjc.webp	314
https://www.loyjoy.com/_astro/bpmn_de.CZTki966_Z1xvGuj.webp	317
https://www.loyjoy.com/_astro/chat_flow_feedback.BEIaa2uv_iIFU8.webp	339
https://www.loyjoy.com/_astro/chat_flow_no_feedback.DyFcpbz6_Z1VOP8f.webp	339
https://www.loyjoy.com/_astro/thumbnail.DRQepnLC_xCUv6.webp	339
https://www.loyjoy.com/_astro/altersvorsorge-depot-chatbot-vorlage.C2jRGojK_1z2Q0D.webp	364
https://www.loyjoy.com/_astro/antragsstrecke_template.cAVVSSxg_Z1hUtlK.webp	364
https://www.loyjoy.com/_astro/chat_flow.XMTxle73_ZibzzD.webp	364
https://www.loyjoy.com/_astro/ai_model_en.i-9yOxIc_Z2v0VUS.webp	734
https://www.loyjoy.com/_astro/voice_feature_en.DDl4Vqdu_1bsgvz.webp	734
https://www.loyjoy.com/_astro/voice_spotlight_en.Lmx1cYO8.webp	734
https://www.loyjoy.com/_astro/bpmn_en.CttUSZB9_ZpLfDt.webp	737
https://www.loyjoy.com/_astro/thumbnail.BmR-LA6N_ZOanSv.webp	759
https://www.loyjoy.com/_astro/antragstrecke_versicherungen_eng_template.CaF2zX-i_xu8zK.webp	784
https://www.loyjoy.com/_astro/chat_flow.C4lPpGKH_2kQTWM.webp	784
